timestamp,name,url,final_url,up,status_code,response_time_s,size_bytes,keyword_ok,error,ssl_expires,ssl_days_left,ssl_issuer,sec_score,sec_missing,hsts,server,chat_ok,chat_time_s,chat_preview,chat_error
2026-09-29T09:22:23.165414+00:00,AI Marketplace MMSP,https://ai.mmsp.gov.ma/,https://ai.mmsp.gov.ma/,1,200,0.48,26908,1,,2027-03-19T23:59:59+00:00,171,Sectigo Limited,6/6,,max-age=31536000; includeSubDomains,,,,,
2026-09-29T09:22:24.024974+00:00,Chatbot Idarati,https://chatbot.idarati.ma/,https://chatbot.idarati.ma/,1,200,0.49,441,1,,2027-02-24T23:59:59+00:00,148,Sectigo Limited,6/6,,max-age=31536000,,,,,
2026-09-29T09:22:40.162955+00:00,AI Marketplace MMSP,https://ai.mmsp.gov.ma/,https://ai.mmsp.gov.ma/,1,200,0.51,26908,1,,2027-03-19T23:59:59+00:00,171,Sectigo Limited,6/6,,max-age=31536000; includeSubDomains,,,,,
2026-09-29T09:22:41.015475+00:00,Chatbot Idarati,https://chatbot.idarati.ma/,https://chatbot.idarati.ma/,1,200,0.5,441,1,,2027-02-24T23:59:59+00:00,148,Sectigo Limited,6/6,,max-age=31536000,,,,,
2026-09-29T09:27:48.047312+00:00,AI Marketplace MMSP,https://ai.mmsp.gov.ma/,https://ai.mmsp.gov.ma/,1,200,0.12,26908,1,,2027-03-19T23:59:59+00:00,171,Sectigo Limited,6/6,,max-age=31536000; includeSubDomains,,,,,
2026-09-29T09:27:49.428282+00:00,Chatbot Idarati,https://chatbot.idarati.ma/,https://chatbot.idarati.ma/,1,200,0.1,441,1,,2027-02-24T23:59:59+00:00,148,Sectigo Limited,6/6,,max-age=31536000,,1,1.1,"Bonjour ! Je suis Idarati, votre assistant pratique pour les procédures administratives marocaines. Comment puis-je vous aider aujourd'hui ?",
2026-09-29T12:31:16.447287+00:00,AI Marketplace MMSP,https://ai.mmsp.gov.ma/,https://ai.mmsp.gov.ma/,1,200,0.4,26908,1,,2027-03-19T23:59:59+00:00,171,Sectigo Limited,6/6,,max-age=31536000; includeSubDomains,,,,,
2026-09-29T12:31:18.128028+00:00,Chatbot Idarati,https://chatbot.idarati.ma/,https://chatbot.idarati.ma/,1,200,0.46,441,1,,2027-02-24T23:59:59+00:00,148,Sectigo Limited,6/6,,max-age=31536000,,1,0.99,"Bonjour ! Je suis Idarati, votre assistant pratique pour les procédures administratives marocaines. Comment puis-je vous aider aujourd'hui ?",
2026-09-29T12:31:18.776327+00:00,Meeting Assistant,https://meeting.ai.mmsp.gov.ma/,https://meeting.ai.mmsp.gov.ma/,1,200,0.44,1607,1,,2027-03-19T23:59:59+00:00,171,Sectigo Limited,0/6,Strict-Transport-Security;Content-Security-Policy;X-Content-Type-Options;X-Frame-Options;Referrer-Policy;Permissions-Policy,,,,,,
2026-09-29T12:31:19.389234+00:00,PDF Assistant,https://pdf.ai.mmsp.gov.ma/,https://pdf.ai.mmsp.gov.ma/,0,0,0.41,0,0,"ConnectionError: ('Connection aborted.', RemoteDisconnected('Remote end closed connection without response'))",2027-03-19T23:59:59+00:00,171,Sectigo Limited,0/6,Strict-Transport-Security;Content-Security-Policy;X-Content-Type-Options;X-Frame-Options;Referrer-Policy;Permissions-Policy,,,,,,
2026-09-29T12:31:20.116542+00:00,BO Recherche,https://bo.ai.mmsp.gov.ma/,https://bo.ai.mmsp.gov.ma/,1,200,0.48,394,1,,2027-03-19T23:59:59+00:00,171,Sectigo Limited,6/6,,max-age=31536000; includeSubDomains,,,,,
2026-09-29T13:14:35.679814+00:00,AI Marketplace MMSP,https://ai.mmsp.gov.ma/,https://ai.mmsp.gov.ma/,1,200,0.41,26908,1,,2027-03-19T23:59:59+00:00,171,Sectigo Limited,6/6,,max-age=31536000; includeSubDomains,,,,,
2026-09-29T13:14:37.150928+00:00,Chatbot Idarati,https://chatbot.idarati.ma/,https://chatbot.idarati.ma/,1,200,0.33,441,1,,2027-02-24T23:59:59+00:00,148,Sectigo Limited,6/6,,max-age=31536000,,1,0.95,"Bonjour ! Je suis Idarati, votre assistant pratique pour les procédures administratives marocaines. Comment puis-je vous aider aujourd'hui ?",
2026-09-29T13:14:37.672328+00:00,Meeting Assistant,https://meeting.ai.mmsp.gov.ma/,https://meeting.ai.mmsp.gov.ma/,1,200,0.37,1607,1,,2027-03-19T23:59:59+00:00,171,Sectigo Limited,0/6,Strict-Transport-Security;Content-Security-Policy;X-Content-Type-Options;X-Frame-Options;Referrer-Policy;Permissions-Policy,,,,,,
2026-09-29T13:14:38.203284+00:00,PDF Assistant,https://pdf.ai.mmsp.gov.ma/,https://pdf.ai.mmsp.gov.ma/,1,200,0.32,866,1,,2027-03-19T23:59:59+00:00,171,Sectigo Limited,6/6,,max-age=31536000; includeSubDomains,,,,,
2026-09-29T13:14:38.719433+00:00,BO Recherche,https://bo.ai.mmsp.gov.ma/,https://bo.ai.mmsp.gov.ma/,1,200,0.4,394,1,,2027-03-19T23:59:59+00:00,171,Sectigo Limited,6/6,,max-age=31536000; includeSubDomains,,,,,
2026-09-29T13:31:50.021597+00:00,AI Marketplace MMSP,https://ai.mmsp.gov.ma/,https://ai.mmsp.gov.ma/,1,200,0.3,26908,1,,2027-03-19T23:59:59+00:00,171,Sectigo Limited,6/6,,max-age=31536000; includeSubDomains,,,,,
2026-09-29T13:31:51.579620+00:00,Chatbot Idarati,https://chatbot.idarati.ma/,https://chatbot.idarati.ma/,1,200,0.24,441,1,,2027-02-24T23:59:59+00:00,148,Sectigo Limited,6/6,,max-age=31536000,,1,0.92,"Bonjour ! Je suis Idarati, votre assistant pratique pour les procédures administratives marocaines. Comment puis-je vous aider aujourd'hui ?",
2026-09-29T13:31:51.942234+00:00,Meeting Assistant,https://meeting.ai.mmsp.gov.ma/,https://meeting.ai.mmsp.gov.ma/,1,200,0.15,1607,1,,2027-03-19T23:59:59+00:00,171,Sectigo Limited,0/6,Strict-Transport-Security;Content-Security-Policy;X-Content-Type-Options;X-Frame-Options;Referrer-Policy;Permissions-Policy,,,,,,
2026-09-29T13:31:52.830908+00:00,PDF Assistant,https://pdf.ai.mmsp.gov.ma/,https://pdf.ai.mmsp.gov.ma/,1,200,0.61,866,1,,2027-03-19T23:59:59+00:00,171,Sectigo Limited,6/6,,max-age=31536000; includeSubDomains,,,,,
2026-09-29T13:31:53.575656+00:00,BO Recherche,https://bo.ai.mmsp.gov.ma/,https://bo.ai.mmsp.gov.ma/,1,200,0.51,394,1,,2027-03-19T23:59:59+00:00,171,Sectigo Limited,6/6,,max-age=31536000; includeSubDomains,,,,,
2026-09-29T13:34:53.182851+00:00,AI Marketplace MMSP,https://ai.mmsp.gov.ma/,https://ai.mmsp.gov.ma/,1,200,0.12,26908,1,,2027-03-19T23:59:59+00:00,171,Sectigo Limited,6/6,,max-age=31536000; includeSubDomains,,,,,
2026-09-29T13:34:54.292999+00:00,Chatbot Idarati,https://chatbot.idarati.ma/,https://chatbot.idarati.ma/,1,200,0.2,441,1,,2027-02-24T23:59:59+00:00,148,Sectigo Limited,6/6,,max-age=31536000,,1,0.79,"Bonjour ! Je suis Idarati, votre assistant pratique pour les procédures administratives marocaines. Comment puis-je vous aider aujourd'hui ?",
2026-09-29T13:34:54.802277+00:00,Meeting Assistant,https://meeting.ai.mmsp.gov.ma/,https://meeting.ai.mmsp.gov.ma/,1,200,0.33,1607,1,,2027-03-19T23:59:59+00:00,171,Sectigo Limited,0/6,Strict-Transport-Security;Content-Security-Policy;X-Content-Type-Options;X-Frame-Options;Referrer-Policy;Permissions-Policy,,,,,,
2026-09-29T13:34:55.295378+00:00,PDF Assistant,https://pdf.ai.mmsp.gov.ma/,https://pdf.ai.mmsp.gov.ma/,1,200,0.33,866,1,,2027-03-19T23:59:59+00:00,171,Sectigo Limited,6/6,,max-age=31536000; includeSubDomains,,,,,
2026-09-29T13:34:55.683862+00:00,BO Recherche,https://bo.ai.mmsp.gov.ma/,https://bo.ai.mmsp.gov.ma/,1,200,0.24,394,1,,2027-03-19T23:59:59+00:00,171,Sectigo Limited,6/6,,max-age=31536000; includeSubDomains,,,,,
